{
   "nb_games_played": 10010,
   "nb_games_won": 4453,
   "nb_games_lost": 5557,
   "win_rate": 44.49,
   "lose_rate": 55.51,
   "current_epsilon": 0,
   "q": [
      [
         0.13866133866133828,
         -0.006793206793206774
      ],
      [
         -0.012387612387612428,
         0.1539460539460542,
         -0.011588411588411621
      ],
      [
         -0.008191808191808272,
         -0.006893106893106901,
         0.14805194805194843
      ],
      [
         -0.16023976023975955,
         -0.160239760239759,
         -0.16013986013985984
      ],
      [
         0.12257742257742266,
         -0.007892107892107918,
         -0.005994005994006011
      ],
      [
         -0.005594405594405614,
         0.12387612387612415,
         -0.007592407592407635
      ],
      [
         -0.023376623376623388,
         -0.021478521478521563,
         0.14125874125874172
      ],
      [
         -0.13116883116883124,
         -0.13106893106893153,
         -0.13116883116883077
      ],
      [
         0.10989010989010972,
         -0.0068931068931069,
         -0.006093906093906104
      ],
      [
         -0.018481518481518532,
         0.10929070929070962,
         -0.020379620379620357
      ],
      [
         -0.005194805194805175,
         -0.004495504495504511,
         0.10909090909090934
      ],
      [
         -0.10729270729270758,
         -0.10729270729270717,
         -0.10719280719280756
      ],
      [
         0.09210789210789185,
         -0.019680319680319736,
         -0.01618381618381609
      ],
      [
         -0.02007992007992005,
         0.08901098901098906,
         -0.020779220779220654
      ],
      [
         -0.01828171828171836,
         -0.023276723276723126,
         0.08851148851148831
      ],
      [
         -0.10049950049950024,
         -0.1004995004995003,
         -0.10049950049950021
      ],
      [
         -0.0017982017982017986,
         -0.008391608391608374,
         -0.007892107892107926
      ],
      [
         -0.024075924075924186,
         -0.01708291708291709,
         -0.02347652347652359
      ],
      [
         -0.025974025974025806,
         -0.026173826173826117,
         0.25764235764235754
      ]
   ],
   "pi": [
      [
         1.0,
         0.0
      ],
      [
         0.0,
         1.0,
         0.0
      ],
      [
         0.0,
         0.0,
         1.0
      ],
      [
         0.0,
         0.0,
         1.0
      ],
      [
         1.0,
         0.0,
         0.0
      ],
      [
         0.0,
         1.0,
         0.0
      ],
      [
         0.0,
         0.0,
         1.0
      ],
      [
         0.0,
         1.0,
         0.0
      ],
      [
         1.0,
         0.0,
         0.0
      ],
      [
         0.0,
         1.0,
         0.0
      ],
      [
         0.0,
         0.0,
         1.0
      ],
      [
         0.0,
         0.0,
         1.0
      ],
      [
         1.0,
         0.0,
         0.0
      ],
      [
         0.0,
         1.0,
         0.0
      ],
      [
         0.0,
         0.0,
         1.0
      ],
      [
         0.0,
         0.0,
         1.0
      ],
      [
         1.0,
         0.0,
         0.0
      ],
      [
         0.0,
         1.0,
         0.0
      ],
      [
         0.0,
         0.0,
         1.0
      ]
   ]
}