{
   "nb_games_played": 210002,
   "nb_games_won": 49898,
   "nb_games_lost": 160104,
   "win_rate": 23.76,
   "lose_rate": 76.24,
   "current_epsilon": 0,
   "q": [
      [
         0.0793944819573146,
         0.0
      ],
      [
         -4.761859410862811e-06,
         0.07872782163979303,
         0.0
      ],
      [
         0.0,
         0.0,
         0.07454690907705631
      ],
      [
         -0.24355958514680606,
         -0.24355958514680565,
         -0.24355958514680373
      ],
      [
         0.0582089694383857,
         -4.7618594108690795e-06,
         -9.523718821725616e-06
      ],
      [
         0.0,
         0.07594213388443917,
         0.0
      ],
      [
         -5.383520742599787e-18,
         -4.7618594108628284e-06,
         0.05888039161531806
      ],
      [
         -0.23032637784402393,
         -0.23033113970342978,
         -0.23032637784402232
      ],
      [
         0.05072332644450996,
         -0.005733278730678917,
         -0.00573327873067889
      ],
      [
         -4.761859410858702e-06,
         0.05579946857648995,
         0.0
      ],
      [
         -0.00044285292521022834,
         -0.0004380910657993805,
         0.05637089170579396
      ],
      [
         -0.22285025856896423,
         -0.22284549670955597,
         -0.22285025856896487
      ],
      [
         0.05718040780564036,
         0.0,
         0.0
      ],
      [
         -0.004238054875667954,
         0.05046618603632357,
         -0.00424281673507878
      ],
      [
         -0.023161684174436283,
         -0.023161684174435888,
         0.030804468528871764
      ],
      [
         -0.20178379253531023,
         -0.20178379253530906,
         -0.2017790306758962
      ],
      [
         0.007523737869163108,
         0.0,
         0.0
      ],
      [
         2.857115646518785e-05,
         0.0,
         0.0
      ],
      [
         -0.09219912191312375,
         -0.09219912191312402,
         0.06808982771592566
      ]
   ],
   "pi": [
      [
         1.0,
         0.0
      ],
      [
         0.0,
         1.0,
         0.0
      ],
      [
         0.0,
         0.0,
         1.0
      ],
      [
         0.0,
         0.0,
         1.0
      ],
      [
         1.0,
         0.0,
         0.0
      ],
      [
         0.0,
         1.0,
         0.0
      ],
      [
         0.0,
         0.0,
         1.0
      ],
      [
         0.0,
         0.0,
         1.0
      ],
      [
         1.0,
         0.0,
         0.0
      ],
      [
         0.0,
         1.0,
         0.0
      ],
      [
         0.0,
         0.0,
         1.0
      ],
      [
         0.0,
         1.0,
         0.0
      ],
      [
         1.0,
         0.0,
         0.0
      ],
      [
         0.0,
         1.0,
         0.0
      ],
      [
         0.0,
         0.0,
         1.0
      ],
      [
         0.0,
         0.0,
         1.0
      ],
      [
         1.0,
         0.0,
         0.0
      ],
      [
         1.0,
         0.0,
         0.0
      ],
      [
         0.0,
         0.0,
         1.0
      ]
   ]
}