{
   "nb_games_played": 170004,
   "nb_games_won": 84105,
   "nb_games_lost": 85899,
   "win_rate": 49.47,
   "lose_rate": 50.53,
   "current_epsilon": 0.00015999999992591035,
   "q": [
      [
         -0.0002882285122707503,
         -0.0004705771628903013
      ],
      [
         -0.0007235123879438313,
         0.03420507752758861,
         -0.0006293969553657501
      ],
      [
         -0.0005705748100044831,
         -0.0005058704501070489,
         0.024675889979059912
      ],
      [
         -0.024340603750499793,
         -0.024364132608643924,
         -0.024334721535963548
      ],
      [
         0.04761064445542435,
         -0.0003352862285593289,
         -0.00032940401402319205
      ],
      [
         -0.0006588080280464094,
         0.016629020493635495,
         -0.0006352791699018824
      ],
      [
         0.020234818004282132,
         -0.0010823274746476228,
         -0.0010587986165035235
      ],
      [
         -0.03398743558975038,
         -0.034005082233359026,
         -0.03397567116067849
      ],
      [
         0.06586315616103172,
         -0.00017646643608385448,
         -0.0002117597233006232
      ],
      [
         -0.00137643820145412,
         0.02208183336862627,
         -0.0014176137032069734
      ],
      [
         0.04314604362250325,
         -0.0012293828380508499,
         -0.0010352697583586533
      ],
      [
         -0.07098656502199956,
         -0.07099244723653558,
         -0.07098068280746371
      ],
      [
         -0.0017940754335191635,
         -0.0018293687207360046,
         0.032622761817369034
      ],
      [
         -0.00016470200701160353,
         0.10933860379755865,
         -0.00014117314886708868
      ],
      [
         -0.0012176184089785864,
         -0.001264676125267637,
         0.06676901719959431
      ],
      [
         -0.049722359473895035,
         -0.04972824168843073,
         -0.04974000611750323
      ],
      [
         -0.020511282087480678,
         -0.02047010658572772,
         -0.020464224371191747
      ],
      [
         -0.10038587327357092,
         -0.10036822662996185,
         -0.10037999105903496
      ],
      [
         -0.002694054257546968,
         -0.002841109620950143,
         0.40321404202254185
      ]
   ],
   "pi": [
      [
         0.9998933333333827,
         5.3333333308636787e-05
      ],
      [
         5.3333333308636787e-05,
         0.9998933333333827,
         5.3333333308636787e-05
      ],
      [
         5.3333333308636787e-05,
         5.3333333308636787e-05,
         0.9998933333333827
      ],
      [
         5.3333333308636787e-05,
         5.3333333308636787e-05,
         0.9998933333333827
      ],
      [
         0.9998933333333827,
         5.3333333308636787e-05,
         5.3333333308636787e-05
      ],
      [
         5.3333333308636787e-05,
         0.9998933333333827,
         5.3333333308636787e-05
      ],
      [
         0.9998933333333827,
         5.3333333308636787e-05,
         5.3333333308636787e-05
      ],
      [
         5.3333333308636787e-05,
         5.3333333308636787e-05,
         0.9998933333333827
      ],
      [
         0.9998933333333827,
         5.3333333308636787e-05,
         0.015466666666642008
      ],
      [
         5.3333333308636787e-05,
         0.9998933333333827,
         0.022933333333308603
      ],
      [
         0.9998933333333827,
         5.3333333308636787e-05,
         5.3333333308636787e-05
      ],
      [
         5.3333333308636787e-05,
         5.3333333308636787e-05,
         5.3333333308636787e-05
      ],
      [
         5.3333333308636787e-05,
         5.3333333308636787e-05,
         0.9998933333333827
      ],
      [
         5.3333333308636787e-05,
         0.9998933333333827,
         5.3333333308636787e-05
      ],
      [
         5.3333333308636787e-05,
         5.3333333308636787e-05,
         0.9998933333333827
      ],
      [
         0.9998933333333827,
         5.3333333308636787e-05,
         5.3333333308636787e-05
      ],
      [
         5.3333333308636787e-05,
         5.3333333308636787e-05,
         5.3333333308636787e-05
      ],
      [
         5.3333333308636787e-05,
         0.9998933333333827,
         5.3333333308636787e-05
      ],
      [
         5.3333333308636787e-05,
         5.3333333308636787e-05,
         0.9998933333333827
      ]
   ]
}