{
   "nb_games_played": 110000,
   "nb_games_won": 57947,
   "nb_games_lost": 52053,
   "win_rate": 52.68,
   "lose_rate": 47.32,
   "current_epsilon": 0,
   "q": [
      [
         0.15929999999999991,
         -0.0014454545454545698
      ],
      [
         0.0004272727272727139,
         0.1698818181818179,
         -0.0015909090909090907
      ],
      [
         0.0003909090909090946,
         0.0006727272727272545,
         0.17681818181818448
      ],
      [
         -0.14804545454545434,
         -0.14804545454545517,
         -0.14804545454545573
      ],
      [
         0.1606818181818187,
         6.363636363636498e-05,
         6.363636363636498e-05
      ],
      [
         0.000527272727272718,
         0.15419999999999856,
         5.454545454545481e-05
      ],
      [
         0.0006454545454545557,
         0.0006454545454545711,
         0.1461727272727276
      ],
      [
         -0.12657272727272903,
         -0.12657272727272914,
         -0.12657272727272917
      ],
      [
         0.1341909090909102,
         -0.008581818181818026,
         -0.008572727272727522
      ],
      [
         0.0006181818181818108,
         0.16187272727272706,
         0.00045454545454546246
      ],
      [
         0.0006363636363636402,
         0.0006363636363636352,
         0.1426000000000023
      ],
      [
         -0.1188818181818188,
         -0.11888181818181809,
         -0.11889090909090803
      ],
      [
         0.13230909090909201,
         -0.00781818181818189,
         -0.0078181818181818
      ],
      [
         0.0008090909090908297,
         0.139300000000002,
         0.000781818181818188
      ],
      [
         0.0006000000000000199,
         0.0005272727272727187,
         0.13794545454545404
      ],
      [
         -0.1136272727272714,
         -0.11361818181818226,
         -0.113627272727272
      ],
      [
         0.0052272727272727245,
         0.0004636363636364043,
         0.00047272727272727126
      ],
      [
         -0.010627272727272616,
         -0.005981818181818199,
         -0.01061818181818188
      ],
      [
         -0.0039000000000001204,
         -0.003900000000000143,
         0.39758181818181776
      ]
   ],
   "pi": [
      [
         1.0,
         0.0
      ],
      [
         0.0,
         1.0,
         0.0
      ],
      [
         0.0,
         0.0,
         1.0
      ],
      [
         1.0,
         0.0,
         0.0
      ],
      [
         1.0,
         0.0,
         0.0
      ],
      [
         0.0,
         1.0,
         0.0
      ],
      [
         0.0,
         0.0,
         1.0
      ],
      [
         1.0,
         0.0,
         0.0
      ],
      [
         1.0,
         0.0,
         0.0
      ],
      [
         0.0,
         1.0,
         0.0
      ],
      [
         0.0,
         0.0,
         1.0
      ],
      [
         0.0,
         1.0,
         0.0
      ],
      [
         1.0,
         0.0,
         0.0
      ],
      [
         0.0,
         1.0,
         0.0
      ],
      [
         0.0,
         0.0,
         1.0
      ],
      [
         0.0,
         1.0,
         0.0
      ],
      [
         1.0,
         0.0,
         0.0
      ],
      [
         0.0,
         1.0,
         0.0
      ],
      [
         0.0,
         0.0,
         1.0
      ]
   ]
}