{
   "nb_games_played": 100000,
   "nb_games_won": 53897,
   "nb_games_lost": 46103,
   "win_rate": 53.9,
   "lose_rate": 46.1,
   "current_epsilon": 0.00015999999992591035,
   "q": [
      [
         0.1777200000000023,
         -0.0007499999999999807
      ],
      [
         -0.0012000000000000044,
         0.17896999999999805,
         -0.0010699999999999761
      ],
      [
         -0.0010499999999999867,
         -0.0012000000000000476,
         0.17887999999999932
      ],
      [
         -0.1479799999999994,
         -0.14797999999999895,
         -0.14798000000000097
      ],
      [
         0.17244000000000093,
         -0.0005099999999999922,
         -0.0006499999999999848
      ],
      [
         -0.0022699999999999864,
         0.1748699999999986,
         -0.00234999999999999
      ],
      [
         -0.0007299999999999832,
         -0.0006599999999999675,
         0.17334000000000116
      ],
      [
         -0.14216000000000184,
         -0.14215999999999948,
         -0.14215999999999976
      ],
      [
         0.16748999999999956,
         -0.001369999999999981,
         -0.0012699999999999801
      ],
      [
         -0.002149999999999952,
         0.16875000000000143,
         -0.002149999999999996
      ],
      [
         -0.001150000000000023,
         -0.001870000000000044,
         0.16806000000000035
      ],
      [
         -0.13803000000000054,
         -0.13802000000000159,
         -0.13802000000000111
      ],
      [
         0.166400000000001,
         -0.00032999999999998823,
         -0.00027000000000000196
      ],
      [
         -0.0008200000000000173,
         0.16429999999999975,
         -0.0009099999999999712
      ],
      [
         -0.00015000000000000178,
         -9.99999999999997e-05,
         0.162950000000001
      ],
      [
         -0.13585000000000153,
         -0.13584999999999967,
         -0.1358599999999981
      ],
      [
         0.00484999999999996,
         -0.0005000000000000104,
         -0.0004699999999999847
      ],
      [
         -8.999999999999757e-05,
         0.005330000000000023,
         -8.999999999999757e-05
      ],
      [
         -0.0017799999999999934,
         -0.0020100000000000074,
         0.47655000000000286
      ]
   ],
   "pi": [
      [
         0.9998933333333827,
         5.3333333308636787e-05
      ],
      [
         5.3333333308636787e-05,
         0.9998933333333827,
         5.3333333308636787e-05
      ],
      [
         5.3333333308636787e-05,
         5.3333333308636787e-05,
         0.9998933333333827
      ],
      [
         5.3333333308636787e-05,
         0.9998933333333827,
         5.3333333308636787e-05
      ],
      [
         0.9998933333333827,
         5.3333333308636787e-05,
         5.3333333308636787e-05
      ],
      [
         5.3333333308636787e-05,
         0.9998933333333827,
         5.3333333308636787e-05
      ],
      [
         5.3333333308636787e-05,
         5.3333333308636787e-05,
         0.9998933333333827
      ],
      [
         5.3333333308636787e-05,
         0.9998933333333827,
         5.3333333308636787e-05
      ],
      [
         0.9998933333333827,
         5.3333333308636787e-05,
         5.3333333308636787e-05
      ],
      [
         5.3333333308636787e-05,
         0.9998933333333827,
         5.3333333308636787e-05
      ],
      [
         5.3333333308636787e-05,
         5.3333333308636787e-05,
         0.9998933333333827
      ],
      [
         5.3333333308636787e-05,
         5.3333333308636787e-05,
         0.9998933333333827
      ],
      [
         0.9998933333333827,
         5.3333333308636787e-05,
         5.3333333308636787e-05
      ],
      [
         5.3333333308636787e-05,
         0.9998933333333827,
         5.3333333308636787e-05
      ],
      [
         5.3333333308636787e-05,
         5.3333333308636787e-05,
         0.9998933333333827
      ],
      [
         5.3333333308636787e-05,
         0.9998933333333827,
         5.3333333308636787e-05
      ],
      [
         0.9998933333333827,
         5.3333333308636787e-05,
         5.3333333308636787e-05
      ],
      [
         5.3333333308636787e-05,
         0.9998933333333827,
         5.3333333308636787e-05
      ],
      [
         5.3333333308636787e-05,
         5.3333333308636787e-05,
         0.9998933333333827
      ]
   ]
}