{
   "nb_games_played": 10000,
   "nb_games_won": 7956,
   "nb_games_lost": 2044,
   "win_rate": 79.56,
   "lose_rate": 20.44,
   "current_epsilon": 0,
   "q": [
      [
         0.30510000000000026,
         0.0
      ],
      [
         -0.00010000000000000037,
         0.2902000000000007,
         0.0
      ],
      [
         0.0,
         0.0,
         0.2002999999999993
      ],
      [
         0.09599999999999938,
         0.0,
         0.0
      ],
      [
         -0.00010000000000000037,
         0.0971000000000001,
         0.0
      ],
      [
         0.0,
         0.29319999999999985,
         0.0
      ],
      [
         0.1712000000000001,
         0.0,
         0.0
      ],
      [
         0.1740000000000002,
         0.0,
         0.0
      ],
      [
         -0.00010000000000000037,
         0.1537999999999999,
         0.0
      ],
      [
         0.2037000000000005,
         0.0,
         0.0
      ],
      [
         0.16330000000000028,
         0.0,
         0.0
      ],
      [
         -0.00010000000000000037,
         0.1809000000000003,
         0.0
      ],
      [
         0.14729999999999915,
         0.0,
         0.0
      ],
      [
         0.1754000000000001,
         0.0,
         0.0
      ],
      [
         0.0,
         0.20279999999999987,
         0.0
      ],
      [
         0.21350000000000016,
         0.0,
         0.0
      ],
      [
         0.20870000000000002,
         0.0,
         0.0
      ],
      [
         0.09829999999999972,
         0.0,
         0.0
      ],
      [
         0.3013999999999994,
         0.0,
         0.0
      ]
   ],
   "pi": [
      [
         1.0,
         0.0
      ],
      [
         0.0,
         1.0,
         0.0
      ],
      [
         0.0,
         0.0,
         1.0
      ],
      [
         1.0,
         0.0,
         0.0
      ],
      [
         0.0,
         1.0,
         0.0
      ],
      [
         0.0,
         1.0,
         0.0
      ],
      [
         1.0,
         0.0,
         0.0
      ],
      [
         1.0,
         0.0,
         0.0
      ],
      [
         0.0,
         1.0,
         0.0
      ],
      [
         1.0,
         0.0,
         0.0
      ],
      [
         1.0,
         0.0,
         0.0
      ],
      [
         0.0,
         1.0,
         0.0
      ],
      [
         1.0,
         0.0,
         0.0
      ],
      [
         1.0,
         0.0,
         0.0
      ],
      [
         0.0,
         1.0,
         0.0
      ],
      [
         1.0,
         0.0,
         0.0
      ],
      [
         1.0,
         0.0,
         0.0
      ],
      [
         1.0,
         0.0,
         0.0
      ],
      [
         1.0,
         0.0,
         0.0
      ]
   ]
}