{
   "nb_games_played": 10000,
   "nb_games_won": 4436,
   "nb_games_lost": 5564,
   "win_rate": 44.36,
   "lose_rate": 55.64,
   "current_epsilon": 0,
   "q": [
      [
         0.14139999999999986,
         -0.010799999999999968
      ],
      [
         -0.011700000000000021,
         0.15200000000000025,
         -0.009700000000000002
      ],
      [
         -0.0073999999999999665,
         -0.007200000000000002,
         0.1456999999999995
      ],
      [
         -0.16059999999999977,
         -0.16060000000000002,
         -0.16050000000000036
      ],
      [
         0.12179999999999992,
         -0.006600000000000007,
         -0.0075000000000000466
      ],
      [
         -0.005600000000000005,
         0.1225,
         -0.005600000000000011
      ],
      [
         -0.02100000000000001,
         -0.020799999999999964,
         0.13970000000000007
      ],
      [
         -0.12289999999999988,
         -0.12290000000000013,
         -0.12280000000000048
      ],
      [
         0.10739999999999977,
         -0.015899999999999973,
         -0.014199999999999944
      ],
      [
         -0.03160000000000011,
         0.10540000000000009,
         -0.03000000000000006
      ],
      [
         -0.002500000000000007,
         -0.0021999999999999997,
         0.10310000000000011
      ],
      [
         -0.1209,
         -0.12089999999999977,
         -0.12089999999999981
      ],
      [
         0.09870000000000029,
         -0.002500000000000004,
         -0.001699999999999995
      ],
      [
         -0.013900000000000027,
         0.08720000000000014,
         -0.015000000000000041
      ],
      [
         -0.019199999999999967,
         -0.019899999999999914,
         0.08839999999999999
      ],
      [
         -0.09320000000000057,
         -0.09320000000000024,
         -0.09320000000000045
      ],
      [
         -0.00270000000000002,
         -0.007500000000000029,
         -0.007500000000000003
      ],
      [
         -0.02120000000000014,
         -0.016300000000000005,
         -0.021200000000000108
      ],
      [
         -0.02170000000000004,
         -0.022900000000000025,
         0.2628
      ]
   ],
   "pi": [
      [
         1.0,
         0.0
      ],
      [
         0.0,
         1.0,
         0.0
      ],
      [
         0.0,
         0.0,
         1.0
      ],
      [
         0.0,
         0.0,
         1.0
      ],
      [
         1.0,
         0.0,
         0.0
      ],
      [
         0.0,
         1.0,
         0.0
      ],
      [
         0.0,
         0.0,
         1.0
      ],
      [
         0.0,
         0.0,
         1.0
      ],
      [
         1.0,
         0.0,
         0.0
      ],
      [
         0.0,
         1.0,
         0.0
      ],
      [
         0.0,
         0.0,
         1.0
      ],
      [
         0.0,
         1.0,
         0.0
      ],
      [
         1.0,
         0.0,
         0.0
      ],
      [
         0.0,
         1.0,
         0.0
      ],
      [
         0.0,
         0.0,
         1.0
      ],
      [
         0.0,
         1.0,
         0.0
      ],
      [
         1.0,
         0.0,
         0.0
      ],
      [
         0.0,
         1.0,
         0.0
      ],
      [
         0.0,
         0.0,
         1.0
      ]
   ]
}