{
   "nb_games_played": 170000,
   "nb_games_won": 85898,
   "nb_games_lost": 84102,
   "win_rate": 50.53,
   "lose_rate": 49.47,
   "brain": {
      "2": [
         [
            1,
            0.01
         ],
         [
            2,
            0.98
         ]
      ],
      "3": [
         [
            1,
            0.98
         ],
         [
            2,
            0.01
         ],
         [
            3,
            0.01
         ]
      ],
      "4": [
         [
            1,
            0.5299999999999996
         ],
         [
            2,
            0.7300000000000003
         ],
         [
            3,
            0.02
         ]
      ],
      "5": [
         [
            1,
            0.5500000000000003
         ],
         [
            2,
            0.2100000000000003
         ],
         [
            3,
            0.4499999999999995
         ]
      ],
      "6": [
         [
            1,
            0.98
         ],
         [
            2,
            0.01
         ],
         [
            3,
            0.01
         ]
      ],
      "7": [
         [
            1,
            0.07999999999999993
         ],
         [
            2,
            0.44000000000000017
         ],
         [
            3,
            0.7999999999999995
         ]
      ],
      "8": [
         [
            1,
            0.96
         ],
         [
            2,
            0.02
         ],
         [
            3,
            0.02
         ]
      ],
      "9": [
         [
            1,
            0.4100000000000017
         ],
         [
            2,
            0.2800000000000011
         ],
         [
            3,
            0.4300000000000007
         ]
      ],
      "10": [
         [
            1,
            0.98
         ],
         [
            2,
            0.01
         ],
         [
            3,
            0.01
         ]
      ],
      "11": [
         [
            1,
            0.02999999999999997
         ],
         [
            2,
            0.13000000000000056
         ],
         [
            3,
            0.8900000000000009
         ]
      ],
      "12": [
         [
            1,
            0.98
         ],
         [
            2,
            0.01
         ],
         [
            3,
            0.01
         ]
      ],
      "13": [
         [
            1,
            0.5000000000000271
         ],
         [
            2,
            0.20000000000002377
         ],
         [
            3,
            0.30000000000002525
         ]
      ],
      "14": [
         [
            1,
            0.98
         ],
         [
            2,
            0.01
         ],
         [
            3,
            0.01
         ]
      ],
      "15": [
         [
            1,
            0.98
         ],
         [
            2,
            0.01
         ],
         [
            3,
            0.01
         ]
      ],
      "16": [
         [
            1,
            0.01
         ],
         [
            2,
            0.01
         ],
         [
            3,
            0.98
         ]
      ],
      "17": [
         [
            1,
            0.27000000000003893
         ],
         [
            2,
            0.48000000000003296
         ],
         [
            3,
            0.25000000000003353
         ]
      ],
      "18": [
         [
            1,
            0.98
         ],
         [
            2,
            0.01
         ],
         [
            3,
            0.01
         ]
      ],
      "19": [
         [
            1,
            0.03
         ],
         [
            2,
            0.94
         ],
         [
            3,
            0.03
         ]
      ],
      "20": [
         [
            1,
            0.98
         ],
         [
            2,
            0.01
         ],
         [
            3,
            0.01
         ]
      ]
   }
}