{
   "nb_games_played": 100000,
   "nb_games_won": 46103,
   "nb_games_lost": 53897,
   "win_rate": 46.1,
   "lose_rate": 53.9,
   "brain": {
      "2": [
         [
            1,
            0.98
         ],
         [
            2,
            0.01
         ]
      ],
      "3": [
         [
            1,
            0.01
         ],
         [
            2,
            0.98
         ],
         [
            3,
            0.01
         ]
      ],
      "4": [
         [
            1,
            0.01
         ],
         [
            2,
            0.01
         ],
         [
            3,
            0.98
         ]
      ],
      "5": [
         [
            1,
            0.4200000000000233
         ],
         [
            2,
            0.3000000000000252
         ],
         [
            3,
            0.2700000000000299
         ]
      ],
      "6": [
         [
            1,
            0.98
         ],
         [
            2,
            0.01
         ],
         [
            3,
            0.01
         ]
      ],
      "7": [
         [
            1,
            0.01
         ],
         [
            2,
            0.98
         ],
         [
            3,
            0.01
         ]
      ],
      "8": [
         [
            1,
            0.01
         ],
         [
            2,
            0.01
         ],
         [
            3,
            0.98
         ]
      ],
      "9": [
         [
            1,
            0.33000000000002305
         ],
         [
            2,
            0.4300000000000208
         ],
         [
            3,
            0.24000000000002328
         ]
      ],
      "10": [
         [
            1,
            0.98
         ],
         [
            2,
            0.01
         ],
         [
            3,
            0.01
         ]
      ],
      "11": [
         [
            1,
            0.01
         ],
         [
            2,
            0.98
         ],
         [
            3,
            0.01
         ]
      ],
      "12": [
         [
            1,
            0.01
         ],
         [
            2,
            0.01
         ],
         [
            3,
            0.98
         ]
      ],
      "13": [
         [
            1,
            0.24000000000002314
         ],
         [
            2,
            0.4100000000000253
         ],
         [
            3,
            0.7499999999999998
         ]
      ],
      "14": [
         [
            1,
            0.98
         ],
         [
            2,
            0.01
         ],
         [
            3,
            0.01
         ]
      ],
      "15": [
         [
            1,
            0.01
         ],
         [
            2,
            0.98
         ],
         [
            3,
            0.01
         ]
      ],
      "16": [
         [
            1,
            0.01
         ],
         [
            2,
            0.01
         ],
         [
            3,
            0.98
         ]
      ],
      "17": [
         [
            1,
            0.3300000000000218
         ],
         [
            2,
            0.40000000000001934
         ],
         [
            3,
            0.27000000000002145
         ]
      ],
      "18": [
         [
            1,
            0.98
         ],
         [
            2,
            0.02
         ],
         [
            3,
            0.01
         ]
      ],
      "19": [
         [
            1,
            0.7399999999999998
         ],
         [
            2,
            0.16
         ],
         [
            3,
            0.09999999999999999
         ]
      ],
      "20": [
         [
            1,
            0.01
         ],
         [
            2,
            0.01
         ],
         [
            3,
            0.98
         ]
      ]
   }
}