{
   "nb_games_played": 10000,
   "nb_games_won": 5564,
   "nb_games_lost": 4436,
   "win_rate": 55.64,
   "lose_rate": 44.36,
   "brain": {
      "2": [
         [
            1,
            0.98
         ],
         [
            2,
            0.01
         ]
      ],
      "3": [
         [
            1,
            0.01
         ],
         [
            2,
            0.98
         ],
         [
            3,
            0.01
         ]
      ],
      "4": [
         [
            1,
            0.01
         ],
         [
            2,
            0.01
         ],
         [
            3,
            0.98
         ]
      ],
      "5": [
         [
            1,
            0.39000000000000123
         ],
         [
            2,
            0.3000000000000019
         ],
         [
            3,
            0.3000000000000038
         ]
      ],
      "6": [
         [
            1,
            0.98
         ],
         [
            2,
            0.01
         ],
         [
            3,
            0.01
         ]
      ],
      "7": [
         [
            1,
            0.01
         ],
         [
            2,
            0.98
         ],
         [
            3,
            0.01
         ]
      ],
      "8": [
         [
            1,
            0.01
         ],
         [
            2,
            0.01
         ],
         [
            3,
            0.98
         ]
      ],
      "9": [
         [
            1,
            0.3700000000000002
         ],
         [
            2,
            0.29000000000000137
         ],
         [
            3,
            0.3900000000000008
         ]
      ],
      "10": [
         [
            1,
            0.98
         ],
         [
            2,
            0.01
         ],
         [
            3,
            0.01
         ]
      ],
      "11": [
         [
            1,
            0.01
         ],
         [
            2,
            0.98
         ],
         [
            3,
            0.01
         ]
      ],
      "12": [
         [
            1,
            0.01
         ],
         [
            2,
            0.01
         ],
         [
            3,
            0.98
         ]
      ],
      "13": [
         [
            1,
            0.3800000000000035
         ],
         [
            2,
            0.24000000000000069
         ],
         [
            3,
            0.3900000000000004
         ]
      ],
      "14": [
         [
            1,
            0.98
         ],
         [
            2,
            0.01
         ],
         [
            3,
            0.01
         ]
      ],
      "15": [
         [
            1,
            0.01
         ],
         [
            2,
            0.98
         ],
         [
            3,
            0.01
         ]
      ],
      "16": [
         [
            1,
            0.01
         ],
         [
            2,
            0.01
         ],
         [
            3,
            0.98
         ]
      ],
      "17": [
         [
            1,
            0.32000000000000123
         ],
         [
            2,
            0.3600000000000022
         ],
         [
            3,
            0.3800000000000001
         ]
      ],
      "18": [
         [
            1,
            0.15999999999999973
         ],
         [
            2,
            0.01
         ],
         [
            3,
            0.95
         ]
      ],
      "19": [
         [
            1,
            0.7499999999999998
         ],
         [
            2,
            0.17
         ],
         [
            3,
            0.09999999999999999
         ]
      ],
      "20": [
         [
            1,
            0.01
         ],
         [
            2,
            0.01
         ],
         [
            3,
            0.98
         ]
      ]
   }
}