{
   "nb_games_played": 10010,
   "nb_games_won": 5557,
   "nb_games_lost": 4453,
   "win_rate": 55.51,
   "lose_rate": 44.49,
   "brain": {
      "2": [
         [
            1,
            0.98
         ],
         [
            2,
            0.01
         ]
      ],
      "3": [
         [
            1,
            0.01
         ],
         [
            2,
            0.98
         ],
         [
            3,
            0.01
         ]
      ],
      "4": [
         [
            1,
            0.01
         ],
         [
            2,
            0.01
         ],
         [
            3,
            0.98
         ]
      ],
      "5": [
         [
            1,
            0.29000000000000303
         ],
         [
            2,
            0.23000000000000131
         ],
         [
            3,
            0.4700000000000028
         ]
      ],
      "6": [
         [
            1,
            0.98
         ],
         [
            2,
            0.01
         ],
         [
            3,
            0.01
         ]
      ],
      "7": [
         [
            1,
            0.01
         ],
         [
            2,
            0.98
         ],
         [
            3,
            0.01
         ]
      ],
      "8": [
         [
            1,
            0.01
         ],
         [
            2,
            0.01
         ],
         [
            3,
            0.98
         ]
      ],
      "9": [
         [
            1,
            0.43000000000000205
         ],
         [
            2,
            0.3100000000000026
         ],
         [
            3,
            0.6100000000000002
         ]
      ],
      "10": [
         [
            1,
            0.98
         ],
         [
            2,
            0.01
         ],
         [
            3,
            0.01
         ]
      ],
      "11": [
         [
            1,
            0.01
         ],
         [
            2,
            0.98
         ],
         [
            3,
            0.01
         ]
      ],
      "12": [
         [
            1,
            0.01
         ],
         [
            2,
            0.01
         ],
         [
            3,
            0.98
         ]
      ],
      "13": [
         [
            1,
            0.4400000000000013
         ],
         [
            2,
            0.3200000000000015
         ],
         [
            3,
            0.250000000000002
         ]
      ],
      "14": [
         [
            1,
            0.98
         ],
         [
            2,
            0.01
         ],
         [
            3,
            0.01
         ]
      ],
      "15": [
         [
            1,
            0.01
         ],
         [
            2,
            0.98
         ],
         [
            3,
            0.01
         ]
      ],
      "16": [
         [
            1,
            0.01
         ],
         [
            2,
            0.01
         ],
         [
            3,
            0.98
         ]
      ],
      "17": [
         [
            1,
            0.4200000000000011
         ],
         [
            2,
            0.2800000000000005
         ],
         [
            3,
            0.3500000000000003
         ]
      ],
      "18": [
         [
            1,
            0.98
         ],
         [
            2,
            0.01
         ],
         [
            3,
            0.01
         ]
      ],
      "19": [
         [
            1,
            0.01
         ],
         [
            2,
            0.98
         ],
         [
            3,
            0.01
         ]
      ],
      "20": [
         [
            1,
            0.01
         ],
         [
            2,
            0.01
         ],
         [
            3,
            0.98
         ]
      ]
   }
}