{
   "nb_games_played": 110000,
   "nb_games_won": 59502,
   "nb_games_lost": 50498,
   "win_rate": 54.09,
   "lose_rate": 45.91,
   "brain": {
      "2": [
         [
            1,
            0.98
         ],
         [
            2,
            0.01
         ]
      ],
      "3": [
         [
            1,
            0.01
         ],
         [
            2,
            0.98
         ],
         [
            3,
            0.01
         ]
      ],
      "4": [
         [
            1,
            0.01
         ],
         [
            2,
            0.01
         ],
         [
            3,
            0.98
         ]
      ],
      "5": [
         [
            1,
            0.2900000000000222
         ],
         [
            2,
            0.1600000000000254
         ],
         [
            3,
            0.6500000000000004
         ]
      ],
      "6": [
         [
            1,
            0.98
         ],
         [
            2,
            0.01
         ],
         [
            3,
            0.01
         ]
      ],
      "7": [
         [
            1,
            0.01
         ],
         [
            2,
            0.98
         ],
         [
            3,
            0.01
         ]
      ],
      "8": [
         [
            1,
            0.01
         ],
         [
            2,
            0.01
         ],
         [
            3,
            0.98
         ]
      ],
      "9": [
         [
            1,
            0.33000000000001756
         ],
         [
            2,
            0.3200000000000232
         ],
         [
            3,
            0.35000000000002246
         ]
      ],
      "10": [
         [
            1,
            0.98
         ],
         [
            2,
            0.01
         ],
         [
            3,
            0.01
         ]
      ],
      "11": [
         [
            1,
            0.01
         ],
         [
            2,
            0.98
         ],
         [
            3,
            0.01
         ]
      ],
      "12": [
         [
            1,
            0.01
         ],
         [
            2,
            0.01
         ],
         [
            3,
            0.98
         ]
      ],
      "13": [
         [
            1,
            0.3400000000000193
         ],
         [
            2,
            0.2100000000000224
         ],
         [
            3,
            0.4500000000000225
         ]
      ],
      "14": [
         [
            1,
            0.98
         ],
         [
            2,
            0.01
         ],
         [
            3,
            0.01
         ]
      ],
      "15": [
         [
            1,
            0.01
         ],
         [
            2,
            0.98
         ],
         [
            3,
            0.01
         ]
      ],
      "16": [
         [
            1,
            0.01
         ],
         [
            2,
            0.01
         ],
         [
            3,
            0.98
         ]
      ],
      "17": [
         [
            1,
            0.25000000000002504
         ],
         [
            2,
            0.3500000000000219
         ],
         [
            3,
            0.4000000000000174
         ]
      ],
      "18": [
         [
            1,
            0.98
         ],
         [
            2,
            0.01
         ],
         [
            3,
            0.01
         ]
      ],
      "19": [
         [
            1,
            0.98
         ],
         [
            2,
            0.01
         ],
         [
            3,
            0.01
         ]
      ],
      "20": [
         [
            1,
            0.02
         ],
         [
            2,
            0.01
         ],
         [
            3,
            0.98
         ]
      ]
   }
}