{
   "nb_games_played": 520000,
   "nb_games_won": 354042,
   "nb_games_lost": 165958,
   "win_rate": 68.08,
   "lose_rate": 31.91,
   "brain": {
      "2": [
         [
            1,
            0.98
         ],
         [
            2,
            0.01
         ]
      ],
      "3": [
         [
            1,
            0.01
         ],
         [
            2,
            0.98
         ],
         [
            3,
            0.01
         ]
      ],
      "4": [
         [
            1,
            0.01
         ],
         [
            2,
            0.01
         ],
         [
            3,
            0.98
         ]
      ],
      "5": [
         [
            1,
            0.3400000000000803
         ],
         [
            2,
            0.3100000000000735
         ],
         [
            3,
            0.34000000000007763
         ]
      ],
      "6": [
         [
            1,
            0.98
         ],
         [
            2,
            0.01
         ],
         [
            3,
            0.01
         ]
      ],
      "7": [
         [
            1,
            0.01
         ],
         [
            2,
            0.98
         ],
         [
            3,
            0.01
         ]
      ],
      "8": [
         [
            1,
            0.01
         ],
         [
            2,
            0.01
         ],
         [
            3,
            0.98
         ]
      ],
      "9": [
         [
            1,
            0.4300000000000206
         ],
         [
            2,
            0.280000000000014
         ],
         [
            3,
            0.290000000000017
         ]
      ],
      "10": [
         [
            1,
            0.98
         ],
         [
            2,
            0.01
         ],
         [
            3,
            0.01
         ]
      ],
      "11": [
         [
            1,
            0.01
         ],
         [
            2,
            0.98
         ],
         [
            3,
            0.01
         ]
      ],
      "12": [
         [
            1,
            0.01
         ],
         [
            2,
            0.01
         ],
         [
            3,
            0.98
         ]
      ],
      "13": [
         [
            1,
            0.31000000000001626
         ],
         [
            2,
            0.3800000000000192
         ],
         [
            3,
            0.3100000000000157
         ]
      ],
      "14": [
         [
            1,
            0.98
         ],
         [
            2,
            0.01
         ],
         [
            3,
            0.01
         ]
      ],
      "15": [
         [
            1,
            0.01
         ],
         [
            2,
            0.98
         ],
         [
            3,
            0.01
         ]
      ],
      "16": [
         [
            1,
            0.01
         ],
         [
            2,
            0.01
         ],
         [
            3,
            0.98
         ]
      ],
      "17": [
         [
            1,
            0.36000000000001586
         ],
         [
            2,
            0.3700000000000174
         ],
         [
            3,
            0.2700000000000172
         ]
      ],
      "18": [
         [
            1,
            0.98
         ],
         [
            2,
            0.01
         ],
         [
            3,
            0.01
         ]
      ],
      "19": [
         [
            1,
            0.01
         ],
         [
            2,
            0.98
         ],
         [
            3,
            0.01
         ]
      ],
      "20": [
         [
            1,
            0.01
         ],
         [
            2,
            0.01
         ],
         [
            3,
            0.98
         ]
      ]
   }
}